{
    "loss": 8.632050514221191,
    "accuracy": 0.5179855823516846
}